zipcode;index;mha_name
00501;1;Long Island, NY
00544;1;Long Island, NY
01701;2;Boston, MA
01702;2;Boston, MA
01703;2;Boston, MA
01704;2;Boston, MA
01705;2;Boston, MA
01721;2;Boston, MA
01745;2;Boston, MA
01746;2;Boston, MA
01748;2;Boston, MA
01760;2;Boston, MA
01770;2;Boston, MA
01772;2;Boston, MA
01776;2;Boston, MA
01778;2;Boston, MA
01784;2;Boston, MA
01801;2;Boston, MA
01813;2;Boston, MA
01815;2;Boston, MA
01822;2;Boston, MA
01864;2;Boston, MA
01867;2;Boston, MA
01880;2;Boston, MA
01889;2;Boston, MA
01890;2;Boston, MA
01901;2;Boston, MA
01902;2;Boston, MA
01903;2;Boston, MA
01904;2;Boston, MA
01905;2;Boston, MA
01906;2;Boston, MA
01907;2;Boston, MA
01908;2;Boston, MA
01910;2;Boston, MA
01915;2;Boston, MA
01923;2;Boston, MA
01937;2;Boston, MA
01940;2;Boston, MA
01945;2;Boston, MA
01949;2;Boston, MA
01960;2;Boston, MA
01970;2;Boston, MA
02021;2;Boston, MA
02025;2;Boston, MA
02026;2;Boston, MA
02027;2;Boston, MA
02030;2;Boston, MA
02032;2;Boston, MA
02035;2;Boston, MA
02043;2;Boston, MA
02045;2;Boston, MA
02048;2;Boston, MA
02052;2;Boston, MA
02053;2;Boston, MA
02054;2;Boston, MA
02056;2;Boston, MA
02061;2;Boston, MA
02062;2;Boston, MA
02066;2;Boston, MA
02067;2;Boston, MA
02071;2;Boston, MA
02072;2;Boston, MA
02081;2;Boston, MA
02090;2;Boston, MA
02108;2;Boston, MA
02109;2;Boston, MA
02110;2;Boston, MA
02111;2;Boston, MA
02112;2;Boston, MA
02113;2;Boston, MA
02114;2;Boston, MA
02115;2;Boston, MA
02116;2;Boston, MA
02117;2;Boston, MA
02118;2;Boston, MA
02119;2;Boston, MA
02120;2;Boston, MA
02121;2;Boston, MA
02122;2;Boston, MA
02123;2;Boston, MA
02124;2;Boston, MA
02125;2;Boston, MA
02126;2;Boston, MA
02127;2;Boston, MA
02128;2;Boston, MA
02129;2;Boston, MA
02130;2;Boston, MA
02131;2;Boston, MA
02132;2;Boston, MA
02133;2;Boston, MA
02134;2;Boston, MA
02135;2;Boston, MA
02136;2;Boston, MA
02137;2;Boston, MA
02138;2;Boston, MA
02139;2;Boston, MA
02140;2;Boston, MA
02141;2;Boston, MA
02142;2;Boston, MA
02143;2;Boston, MA
02144;2;Boston, MA
02145;2;Boston, MA
02148;2;Boston, MA
02149;2;Boston, MA
02150;2;Boston, MA
02151;2;Boston, MA
02152;2;Boston, MA
02153;2;Boston, MA
02155;2;Boston, MA
02156;2;Boston, MA
02163;2;Boston, MA
02169;2;Boston, MA
02170;2;Boston, MA
02171;2;Boston, MA
02176;2;Boston, MA
02180;2;Boston, MA
02184;2;Boston, MA
02185;2;Boston, MA
02186;2;Boston, MA
02187;2;Boston, MA
02188;2;Boston, MA
02189;2;Boston, MA
02190;2;Boston, MA
02191;2;Boston, MA
02196;2;Boston, MA
02199;2;Boston, MA
02201;2;Boston, MA
02203;2;Boston, MA
02204;2;Boston, MA
02205;2;Boston, MA
02206;2;Boston, MA
02210;2;Boston, MA
02211;2;Boston, MA
02212;2;Boston, MA
02215;2;Boston, MA
02217;2;Boston, MA
02222;2;Boston, MA
02238;2;Boston, MA
02241;2;Boston, MA
02269;2;Boston, MA
02283;2;Boston, MA
02284;2;Boston, MA
02293;2;Boston, MA
02297;2;Boston, MA
02298;2;Boston, MA
02301;2;Boston, MA
02302;2;Boston, MA
02322;2;Boston, MA
02339;2;Boston, MA
02343;2;Boston, MA
02351;2;Boston, MA
02356;2;Boston, MA
02368;2;Boston, MA
02370;2;Boston, MA
02420;2;Boston, MA
02421;2;Boston, MA
02445;2;Boston, MA
02446;2;Boston, MA
02447;2;Boston, MA
02451;2;Boston, MA
02452;2;Boston, MA
02453;2;Boston, MA
02454;2;Boston, MA
02455;2;Boston, MA
02456;2;Boston, MA
02457;2;Boston, MA
02458;2;Boston, MA
02459;2;Boston, MA
02460;2;Boston, MA
02461;2;Boston, MA
02462;2;Boston, MA
02464;2;Boston, MA
02465;2;Boston, MA
02466;2;Boston, MA
02467;2;Boston, MA
02468;2;Boston, MA
02471;2;Boston, MA
02472;2;Boston, MA
02474;2;Boston, MA
02475;2;Boston, MA
02476;2;Boston, MA
02477;2;Boston, MA
02478;2;Boston, MA
02479;2;Boston, MA
02481;2;Boston, MA
02482;2;Boston, MA
02492;2;Boston, MA
02493;2;Boston, MA
02494;2;Boston, MA
02495;2;Boston, MA
02535;1;Martha'S Vineyard, MA
02539;1;Martha'S Vineyard, MA
02552;1;Martha'S Vineyard, MA
02554;1;Nantucket, MA
02557;1;Martha'S Vineyard, MA
02564;1;Nantucket, MA
02568;1;Martha'S Vineyard, MA
02575;1;Martha'S Vineyard, MA
02584;1;Nantucket, MA
06390;1;Long Island, NY
07002;3;Staten Island, NY
10001;8;New York City, NY
10002;8;New York City, NY
10003;8;New York City, NY
10004;8;New York City, NY
10005;8;New York City, NY
10006;8;New York City, NY
10007;8;New York City, NY
10008;8;New York City, NY
10009;8;New York City, NY
10010;8;New York City, NY
10011;8;New York City, NY
10012;8;New York City, NY
10013;8;New York City, NY
10014;8;New York City, NY
10016;8;New York City, NY
10017;8;New York City, NY
10018;8;New York City, NY
10019;8;New York City, NY
10020;8;New York City, NY
10021;8;New York City, NY
10022;8;New York City, NY
10023;8;New York City, NY
10024;8;New York City, NY
10025;8;New York City, NY
10026;8;New York City, NY
10027;8;New York City, NY
10028;8;New York City, NY
10029;8;New York City, NY
10030;8;New York City, NY
10031;8;New York City, NY
10032;8;New York City, NY
10033;8;New York City, NY
10034;8;New York City, NY
10035;8;New York City, NY
10036;8;New York City, NY
10037;8;New York City, NY
10038;8;New York City, NY
10039;8;New York City, NY
10040;8;New York City, NY
10041;8;New York City, NY
10043;8;New York City, NY
10044;8;New York City, NY
10045;8;New York City, NY
10055;8;New York City, NY
10060;8;New York City, NY
10065;8;New York City, NY
10069;8;New York City, NY
10075;8;New York City, NY
10080;8;New York City, NY
10081;8;New York City, NY
10087;8;New York City, NY
10090;8;New York City, NY
10101;8;New York City, NY
10102;8;New York City, NY
10103;8;New York City, NY
10104;8;New York City, NY
10105;8;New York City, NY
10106;8;New York City, NY
10107;8;New York City, NY
10108;8;New York City, NY
10109;8;New York City, NY
10110;8;New York City, NY
10111;8;New York City, NY
10112;8;New York City, NY
10113;8;New York City, NY
10114;8;New York City, NY
10115;8;New York City, NY
10116;8;New York City, NY
10117;8;New York City, NY
10118;8;New York City, NY
10119;8;New York City, NY
10120;8;New York City, NY
10121;8;New York City, NY
10122;8;New York City, NY
10123;8;New York City, NY
10124;8;New York City, NY
10125;8;New York City, NY
10126;8;New York City, NY
10128;8;New York City, NY
10129;8;New York City, NY
10130;8;New York City, NY
10131;8;New York City, NY
10132;8;New York City, NY
10133;8;New York City, NY
10138;8;New York City, NY
10150;8;New York City, NY
10151;8;New York City, NY
10152;8;New York City, NY
10153;8;New York City, NY
10154;8;New York City, NY
10155;8;New York City, NY
10156;8;New York City, NY
10157;8;New York City, NY
10158;8;New York City, NY
10159;8;New York City, NY
10160;8;New York City, NY
10162;8;New York City, NY
10163;8;New York City, NY
10164;8;New York City, NY
10165;8;New York City, NY
10166;8;New York City, NY
10167;8;New York City, NY
10168;8;New York City, NY
10169;8;New York City, NY
10170;8;New York City, NY
10171;8;New York City, NY
10172;8;New York City, NY
10173;8;New York City, NY
10174;8;New York City, NY
10175;8;New York City, NY
10176;8;New York City, NY
10177;8;New York City, NY
10178;8;New York City, NY
10179;8;New York City, NY
10185;8;New York City, NY
10199;8;New York City, NY
10203;8;New York City, NY
10211;8;New York City, NY
10212;8;New York City, NY
10213;8;New York City, NY
10242;8;New York City, NY
10249;8;New York City, NY
10256;8;New York City, NY
10258;8;New York City, NY
10259;8;New York City, NY
10260;8;New York City, NY
10261;8;New York City, NY
10265;8;New York City, NY
10268;8;New York City, NY
10269;8;New York City, NY
10270;8;New York City, NY
10271;8;New York City, NY
10272;8;New York City, NY
10273;8;New York City, NY
10274;8;New York City, NY
10275;8;New York City, NY
10276;8;New York City, NY
10277;8;New York City, NY
10278;8;New York City, NY
10279;8;New York City, NY
10280;8;New York City, NY
10281;8;New York City, NY
10282;8;New York City, NY
10285;8;New York City, NY
10286;8;New York City, NY
10301;3;Staten Island, NY
10302;3;Staten Island, NY
10303;3;Staten Island, NY
10304;3;Staten Island, NY
10305;3;Staten Island, NY
10306;3;Staten Island, NY
10307;3;Staten Island, NY
10308;3;Staten Island, NY
10309;3;Staten Island, NY
10310;3;Staten Island, NY
10311;3;Staten Island, NY
10312;3;Staten Island, NY
10313;3;Staten Island, NY
10314;3;Staten Island, NY
10451;8;New York City, NY
10452;8;New York City, NY
10453;8;New York City, NY
10454;8;New York City, NY
10455;8;New York City, NY
10456;8;New York City, NY
10457;8;New York City, NY
10458;8;New York City, NY
10459;8;New York City, NY
10460;8;New York City, NY
10461;8;New York City, NY
10462;8;New York City, NY
10463;8;New York City, NY
10464;8;New York City, NY
10465;8;New York City, NY
10466;8;New York City, NY
10467;8;New York City, NY
10468;8;New York City, NY
10469;8;New York City, NY
10470;8;New York City, NY
10471;8;New York City, NY
10472;8;New York City, NY
10473;8;New York City, NY
10474;8;New York City, NY
10475;8;New York City, NY
10501;1;Westchester County, NY
10502;1;Westchester County, NY
10503;1;Westchester County, NY
10504;1;Westchester County, NY
10505;1;Westchester County, NY
10506;1;Westchester County, NY
10507;1;Westchester County, NY
10509;1;Westchester County, NY
10510;1;Westchester County, NY
10511;1;Westchester County, NY
10512;1;Westchester County, NY
10514;1;Westchester County, NY
10516;1;Westchester County, NY
10517;1;Westchester County, NY
10518;1;Westchester County, NY
10519;1;Westchester County, NY
10520;1;Westchester County, NY
10521;1;Westchester County, NY
10522;1;Westchester County, NY
10523;1;Westchester County, NY
10524;1;Westchester County, NY
10526;1;Westchester County, NY
10527;1;Westchester County, NY
10528;1;Westchester County, NY
10530;1;Westchester County, NY
10532;1;Westchester County, NY
10533;1;Westchester County, NY
10535;1;Westchester County, NY
10536;1;Westchester County, NY
10537;1;Westchester County, NY
10538;1;Westchester County, NY
10540;1;Westchester County, NY
10541;1;Westchester County, NY
10542;1;Westchester County, NY
10543;1;Westchester County, NY
10545;1;Westchester County, NY
10546;1;Westchester County, NY
10547;1;Westchester County, NY
10548;1;Westchester County, NY
10549;1;Westchester County, NY
10550;1;Westchester County, NY
10551;1;Westchester County, NY
10552;1;Westchester County, NY
10553;1;Westchester County, NY
10560;1;Westchester County, NY
10562;1;Westchester County, NY
10566;1;Westchester County, NY
10567;1;Westchester County, NY
10570;1;Westchester County, NY
10573;1;Westchester County, NY
10576;1;Westchester County, NY
10577;1;Westchester County, NY
10578;1;Westchester County, NY
10579;1;Westchester County, NY
10580;1;Westchester County, NY
10583;1;Westchester County, NY
10587;1;Westchester County, NY
10588;1;Westchester County, NY
10589;1;Westchester County, NY
10590;1;Westchester County, NY
10591;1;Westchester County, NY
10594;1;Westchester County, NY
10595;1;Westchester County, NY
10596;1;Westchester County, NY
10597;1;Westchester County, NY
10598;1;Westchester County, NY
10601;1;Westchester County, NY
10602;1;Westchester County, NY
10603;1;Westchester County, NY
10604;1;Westchester County, NY
10605;1;Westchester County, NY
10606;1;Westchester County, NY
10607;1;Westchester County, NY
10610;1;Westchester County, NY
10701;1;Westchester County, NY
10702;1;Westchester County, NY
10703;1;Westchester County, NY
10704;1;Westchester County, NY
10705;1;Westchester County, NY
10706;1;Westchester County, NY
10707;1;Westchester County, NY
10708;1;Westchester County, NY
10709;1;Westchester County, NY
10710;1;Westchester County, NY
10801;1;Westchester County, NY
10802;1;Westchester County, NY
10803;1;Westchester County, NY
10804;1;Westchester County, NY
10805;1;Westchester County, NY
11001;8;New York City, NY
11002;8;New York City, NY
11003;8;New York City, NY
11004;8;New York City, NY
11005;8;New York City, NY
11010;8;New York City, NY
11020;8;New York City, NY
11021;8;New York City, NY
11022;8;New York City, NY
11023;8;New York City, NY
11024;8;New York City, NY
11026;1;Long Island, NY
11027;1;Long Island, NY
11030;8;New York City, NY
11040;8;New York City, NY
11042;8;New York City, NY
11050;8;New York City, NY
11051;8;New York City, NY
11052;8;New York City, NY
11053;1;Long Island, NY
11054;1;Long Island, NY
11055;1;Long Island, NY
11096;1;Long Island, NY
11101;8;New York City, NY
11102;8;New York City, NY
11103;8;New York City, NY
11104;8;New York City, NY
11105;8;New York City, NY
11106;8;New York City, NY
11109;8;New York City, NY
11120;8;New York City, NY
11201;8;New York City, NY
11202;8;New York City, NY
11203;8;New York City, NY
11204;8;New York City, NY
11205;8;New York City, NY
11206;8;New York City, NY
11207;8;New York City, NY
11208;8;New York City, NY
11209;8;New York City, NY
11210;8;New York City, NY
11211;8;New York City, NY
11212;8;New York City, NY
11213;8;New York City, NY
11214;8;New York City, NY
11215;8;New York City, NY
11216;8;New York City, NY
11217;8;New York City, NY
11218;8;New York City, NY
11219;8;New York City, NY
11220;8;New York City, NY
11221;8;New York City, NY
11222;8;New York City, NY
11223;8;New York City, NY
11224;8;New York City, NY
11225;8;New York City, NY
11226;8;New York City, NY
11228;8;New York City, NY
11229;8;New York City, NY
11230;8;New York City, NY
11231;8;New York City, NY
11232;8;New York City, NY
11233;8;New York City, NY
11234;8;New York City, NY
11235;8;New York City, NY
11236;8;New York City, NY
11237;8;New York City, NY
11238;8;New York City, NY
11239;8;New York City, NY
11241;8;New York City, NY
11242;8;New York City, NY
11243;8;New York City, NY
11245;8;New York City, NY
11247;8;New York City, NY
11249;8;New York City, NY
11251;8;New York City, NY
11252;8;New York City, NY
11256;8;New York City, NY
11351;8;New York City, NY
11352;8;New York City, NY
11354;8;New York City, NY
11355;8;New York City, NY
11356;8;New York City, NY
11357;8;New York City, NY
11358;8;New York City, NY
11359;8;New York City, NY
11360;8;New York City, NY
11361;8;New York City, NY
11362;8;New York City, NY
11363;8;New York City, NY
11364;8;New York City, NY
11365;8;New York City, NY
11366;8;New York City, NY
11367;8;New York City, NY
11368;8;New York City, NY
11369;8;New York City, NY
11370;8;New York City, NY
11371;8;New York City, NY
11372;8;New York City, NY
11373;8;New York City, NY
11374;8;New York City, NY
11375;8;New York City, NY
11377;8;New York City, NY
11378;8;New York City, NY
11379;8;New York City, NY
11380;8;New York City, NY
11385;8;New York City, NY
11386;8;New York City, NY
11405;8;New York City, NY
11411;8;New York City, NY
11412;8;New York City, NY
11413;8;New York City, NY
11414;8;New York City, NY
11415;8;New York City, NY
11416;8;New York City, NY
11417;8;New York City, NY
11418;8;New York City, NY
11419;8;New York City, NY
11420;8;New York City, NY
11421;8;New York City, NY
11422;8;New York City, NY
11423;8;New York City, NY
11424;8;New York City, NY
11425;8;New York City, NY
11426;8;New York City, NY
11427;8;New York City, NY
11428;8;New York City, NY
11429;8;New York City, NY
11430;8;New York City, NY
11431;8;New York City, NY
11432;8;New York City, NY
11433;8;New York City, NY
11434;8;New York City, NY
11435;8;New York City, NY
11436;8;New York City, NY
11437;8;New York City, NY
11439;8;New York City, NY
11451;8;New York City, NY
11499;8;New York City, NY
11501;1;Long Island, NY
11507;1;Long Island, NY
11509;1;Long Island, NY
11510;1;Long Island, NY
11514;1;Long Island, NY
11516;1;Long Island, NY
11518;1;Long Island, NY
11520;1;Long Island, NY
11530;1;Long Island, NY
11531;1;Long Island, NY
11542;1;Long Island, NY
11545;1;Long Island, NY
11547;1;Long Island, NY
11548;1;Long Island, NY
11549;1;Long Island, NY
11550;1;Long Island, NY
11551;1;Long Island, NY
11552;1;Long Island, NY
11553;1;Long Island, NY
11554;1;Long Island, NY
11555;1;Long Island, NY
11556;1;Long Island, NY
11557;1;Long Island, NY
11558;1;Long Island, NY
11559;1;Long Island, NY
11560;1;Long Island, NY
11561;1;Long Island, NY
11563;1;Long Island, NY
11565;1;Long Island, NY
11566;1;Long Island, NY
11568;1;Long Island, NY
11569;1;Long Island, NY
11570;1;Long Island, NY
11571;1;Long Island, NY
11572;1;Long Island, NY
11575;1;Long Island, NY
11576;1;Long Island, NY
11577;1;Long Island, NY
11579;1;Long Island, NY
11580;1;Long Island, NY
11581;1;Long Island, NY
11582;1;Long Island, NY
11590;1;Long Island, NY
11596;1;Long Island, NY
11598;1;Long Island, NY
11599;1;Long Island, NY
11690;8;New York City, NY
11691;8;New York City, NY
11692;8;New York City, NY
11693;8;New York City, NY
11694;8;New York City, NY
11695;8;New York City, NY
11697;8;New York City, NY
11701;1;Long Island, NY
11702;1;Long Island, NY
11703;1;Long Island, NY
11704;1;Long Island, NY
11705;1;Long Island, NY
11706;1;Long Island, NY
11707;1;Long Island, NY
11709;1;Long Island, NY
11710;1;Long Island, NY
11713;1;Long Island, NY
11714;1;Long Island, NY
11715;1;Long Island, NY
11716;1;Long Island, NY
11717;1;Long Island, NY
11718;1;Long Island, NY
11719;1;Long Island, NY
11720;1;Long Island, NY
11721;1;Long Island, NY
11722;1;Long Island, NY
11724;1;Long Island, NY
11725;1;Long Island, NY
11726;1;Long Island, NY
11727;1;Long Island, NY
11729;1;Long Island, NY
11730;1;Long Island, NY
11731;1;Long Island, NY
11732;1;Long Island, NY
11733;1;Long Island, NY
11735;1;Long Island, NY
11737;1;Long Island, NY
11738;1;Long Island, NY
11739;1;Long Island, NY
11740;1;Long Island, NY
11741;1;Long Island, NY
11742;1;Long Island, NY
11743;1;Long Island, NY
11746;1;Long Island, NY
11747;1;Long Island, NY
11749;1;Long Island, NY
11751;1;Long Island, NY
11752;1;Long Island, NY
11753;1;Long Island, NY
11754;1;Long Island, NY
11755;1;Long Island, NY
11756;1;Long Island, NY
11757;1;Long Island, NY
11758;1;Long Island, NY
11760;1;Long Island, NY
11762;1;Long Island, NY
11763;1;Long Island, NY
11764;1;Long Island, NY
11765;1;Long Island, NY
11766;1;Long Island, NY
11767;1;Long Island, NY
11768;1;Long Island, NY
11769;1;Long Island, NY
11770;1;Long Island, NY
11771;1;Long Island, NY
11772;1;Long Island, NY
11773;1;Long Island, NY
11775;1;Long Island, NY
11776;1;Long Island, NY
11777;1;Long Island, NY
11778;1;Long Island, NY
11779;1;Long Island, NY
11780;1;Long Island, NY
11782;1;Long Island, NY
11783;1;Long Island, NY
11784;1;Long Island, NY
11786;1;Long Island, NY
11787;1;Long Island, NY
11788;1;Long Island, NY
11789;1;Long Island, NY
11790;1;Long Island, NY
11791;1;Long Island, NY
11792;1;Long Island, NY
11793;1;Long Island, NY
11794;1;Long Island, NY
11795;1;Long Island, NY
11796;1;Long Island, NY
11797;1;Long Island, NY
11798;1;Long Island, NY
11801;1;Long Island, NY
11802;1;Long Island, NY
11803;1;Long Island, NY
11804;1;Long Island, NY
11815;1;Long Island, NY
11853;1;Long Island, NY
11901;1;Long Island, NY
11930;1;Long Island, NY
11931;1;Long Island, NY
11932;1;Long Island, NY
11933;1;Long Island, NY
11934;1;Long Island, NY
11935;1;Long Island, NY
11937;1;Long Island, NY
11939;1;Long Island, NY
11940;1;Long Island, NY
11941;1;Long Island, NY
11942;1;Long Island, NY
11944;1;Long Island, NY
11946;1;Long Island, NY
11947;1;Long Island, NY
11948;1;Long Island, NY
11949;1;Long Island, NY
11950;1;Long Island, NY
11951;1;Long Island, NY
11952;1;Long Island, NY
11953;1;Long Island, NY
11954;1;Long Island, NY
11955;1;Long Island, NY
11956;1;Long Island, NY
11957;1;Long Island, NY
11958;1;Long Island, NY
11959;1;Long Island, NY
11960;1;Long Island, NY
11961;1;Long Island, NY
11962;1;Long Island, NY
11963;1;Long Island, NY
11964;1;Long Island, NY
11965;1;Long Island, NY
11967;1;Long Island, NY
11968;1;Long Island, NY
11969;1;Long Island, NY
11970;1;Long Island, NY
11971;1;Long Island, NY
11972;1;Long Island, NY
11973;1;Long Island, NY
11975;1;Long Island, NY
11976;1;Long Island, NY
11977;1;Long Island, NY
11978;1;Long Island, NY
11980;1;Long Island, NY
12031;2;Schoharie County, NY
12035;2;Schoharie County, NY
12036;2;Schoharie County, NY
12043;2;Schoharie County, NY
12071;2;Schoharie County, NY
12073;2;Schoharie County, NY
12076;2;Schoharie County, NY
12092;2;Schoharie County, NY
12093;2;Schoharie County, NY
12122;2;Schoharie County, NY
12131;2;Schoharie County, NY
12149;2;Schoharie County, NY
12157;2;Schoharie County, NY
12160;2;Schoharie County, NY
12175;2;Schoharie County, NY
12187;2;Schoharie County, NY
12194;2;Schoharie County, NY
12563;1;Westchester County, NY
13053;2;Tompkins County, NY
13062;2;Tompkins County, NY
13068;2;Tompkins County, NY
13073;2;Tompkins County, NY
13102;2;Tompkins County, NY
13143;2;Wayne County, NY
13146;2;Wayne County, NY
13154;2;Wayne County, NY
13459;2;Schoharie County, NY
14413;2;Wayne County, NY
14414;2;Livingston County, NY
14423;2;Livingston County, NY
14424;2;Ontario County, NY
14425;2;Ontario County, NY
14432;2;Ontario County, NY
14433;2;Wayne County, NY
14435;2;Livingston County, NY
14437;2;Livingston County, NY
14443;2;Ontario County, NY
14449;2;Wayne County, NY
14453;2;Ontario County, NY
14454;2;Livingston County, NY
14456;2;Ontario County, NY
14461;2;Ontario County, NY
14462;2;Livingston County, NY
14463;2;Ontario County, NY
14466;2;Ontario County, NY
14469;2;Ontario County, NY
14471;2;Ontario County, NY
14475;2;Ontario County, NY
14480;2;Livingston County, NY
14481;2;Livingston County, NY
14485;2;Livingston County, NY
14486;2;Livingston County, NY
14487;2;Livingston County, NY
14488;2;Livingston County, NY
14489;2;Wayne County, NY
14502;2;Wayne County, NY
14504;2;Ontario County, NY
14505;2;Wayne County, NY
14510;2;Livingston County, NY
14512;2;Ontario County, NY
14513;2;Wayne County, NY
14516;2;Wayne County, NY
14517;2;Livingston County, NY
14518;2;Ontario County, NY
14519;2;Wayne County, NY
14520;2;Wayne County, NY
14522;2;Wayne County, NY
14532;2;Ontario County, NY
14533;2;Livingston County, NY
14537;2;Ontario County, NY
14538;2;Wayne County, NY
14539;2;Livingston County, NY
14542;2;Wayne County, NY
14545;2;Livingston County, NY
14547;2;Ontario County, NY
14548;2;Ontario County, NY
14551;2;Wayne County, NY
14555;2;Wayne County, NY
14556;2;Livingston County, NY
14558;2;Livingston County, NY
14560;2;Livingston County, NY
14561;2;Ontario County, NY
14563;2;Wayne County, NY
14564;2;Ontario County, NY
14568;2;Wayne County, NY
14585;2;Ontario County, NY
14589;2;Wayne County, NY
14590;2;Wayne County, NY
14592;2;Livingston County, NY
14817;2;Tompkins County, NY
14836;2;Livingston County, NY
14846;2;Livingston County, NY
14850;2;Tompkins County, NY
14851;2;Tompkins County, NY
14852;2;Tompkins County, NY
14853;2;Tompkins County, NY
14854;2;Tompkins County, NY
14867;2;Tompkins County, NY
14881;2;Tompkins County, NY
14882;2;Tompkins County, NY
14886;2;Tompkins County, NY
89403;4;Bridgeport, CA
89410;4;Bridgeport, CA
89411;4;Bridgeport, CA
89413;4;Bridgeport, CA
89423;4;Bridgeport, CA
89428;4;Bridgeport, CA
89430;4;Bridgeport, CA
89444;4;Bridgeport, CA
89447;4;Bridgeport, CA
89448;4;Bridgeport, CA
89449;4;Bridgeport, CA
89460;4;Bridgeport, CA
90001;2;Los Angeles, CA
90002;2;Los Angeles, CA
90003;2;Los Angeles, CA
90004;2;Los Angeles, CA
90005;2;Los Angeles, CA
90006;2;Los Angeles, CA
90007;2;Los Angeles, CA
90008;2;Los Angeles, CA
90009;2;Los Angeles, CA
90010;2;Los Angeles, CA
90011;2;Los Angeles, CA
90012;2;Los Angeles, CA
90013;2;Los Angeles, CA
90014;2;Los Angeles, CA
90015;2;Los Angeles, CA
90016;2;Los Angeles, CA
90017;2;Los Angeles, CA
90018;2;Los Angeles, CA
90019;2;Los Angeles, CA
90020;2;Los Angeles, CA
90021;2;Los Angeles, CA
90022;2;Los Angeles, CA
90023;2;Los Angeles, CA
90024;2;Los Angeles, CA
90025;2;Los Angeles, CA
90026;2;Los Angeles, CA
90027;2;Los Angeles, CA
90028;2;Los Angeles, CA
90029;2;Los Angeles, CA
90030;2;Los Angeles, CA
90031;2;Los Angeles, CA
90032;2;Los Angeles, CA
90033;2;Los Angeles, CA
90034;2;Los Angeles, CA
90035;2;Los Angeles, CA
90036;2;Los Angeles, CA
90037;2;Los Angeles, CA
90038;2;Los Angeles, CA
90039;2;Los Angeles, CA
90040;2;Los Angeles, CA
90041;2;Los Angeles, CA
90042;2;Los Angeles, CA
90043;2;Los Angeles, CA
90044;2;Los Angeles, CA
90045;2;Los Angeles, CA
90046;2;Los Angeles, CA
90047;2;Los Angeles, CA
90048;2;Los Angeles, CA
90049;2;Los Angeles, CA
90050;2;Los Angeles, CA
90051;2;Los Angeles, CA
90052;2;Los Angeles, CA
90053;2;Los Angeles, CA
90054;2;Los Angeles, CA
90055;2;Los Angeles, CA
90056;2;Los Angeles, CA
90057;2;Los Angeles, CA
90058;2;Los Angeles, CA
90059;2;Los Angeles, CA
90060;2;Los Angeles, CA
90061;2;Los Angeles, CA
90062;2;Los Angeles, CA
90063;2;Los Angeles, CA
90064;2;Los Angeles, CA
90065;2;Los Angeles, CA
90066;2;Los Angeles, CA
90067;2;Los Angeles, CA
90068;2;Los Angeles, CA
90069;2;Los Angeles, CA
90070;2;Los Angeles, CA
90071;2;Los Angeles, CA
90072;2;Los Angeles, CA
90073;2;Los Angeles, CA
90074;2;Los Angeles, CA
90075;2;Los Angeles, CA
90076;2;Los Angeles, CA
90077;2;Los Angeles, CA
90078;2;Los Angeles, CA
90079;2;Los Angeles, CA
90080;2;Los Angeles, CA
90081;2;Los Angeles, CA
90082;2;Los Angeles, CA
90083;2;Los Angeles, CA
90084;2;Los Angeles, CA
90086;2;Los Angeles, CA
90087;2;Los Angeles, CA
90088;2;Los Angeles, CA
90089;2;Los Angeles, CA
90091;2;Los Angeles, CA
90093;2;Los Angeles, CA
90094;2;Los Angeles, CA
90095;2;Los Angeles, CA
90096;2;Los Angeles, CA
90099;2;Los Angeles, CA
90134;2;Los Angeles, CA
90140;2;Los Angeles, CA
90189;2;Los Angeles, CA
90201;2;Los Angeles, CA
90202;2;Los Angeles, CA
90205;2;Los Angeles, CA
90209;2;Los Angeles, CA
90210;2;Los Angeles, CA
90211;2;Los Angeles, CA
90212;2;Los Angeles, CA
90213;2;Los Angeles, CA
90220;2;Los Angeles, CA
90221;2;Los Angeles, CA
90222;2;Los Angeles, CA
90223;2;Los Angeles, CA
90224;2;Los Angeles, CA
90230;2;Los Angeles, CA
90231;2;Los Angeles, CA
90232;2;Los Angeles, CA
90239;2;Los Angeles, CA
90240;2;Los Angeles, CA
90241;2;Los Angeles, CA
90242;2;Los Angeles, CA
90245;2;Los Angeles, CA
90247;2;Los Angeles, CA
90248;2;Los Angeles, CA
90249;2;Los Angeles, CA
90250;2;Los Angeles, CA
90251;2;Los Angeles, CA
90254;2;Los Angeles, CA
90255;2;Los Angeles, CA
90260;2;Los Angeles, CA
90261;2;Los Angeles, CA
90262;2;Los Angeles, CA
90263;2;Los Angeles, CA
90264;2;Los Angeles, CA
90265;2;Los Angeles, CA
90266;2;Los Angeles, CA
90267;2;Los Angeles, CA
90270;2;Los Angeles, CA
90272;2;Los Angeles, CA
90274;2;Los Angeles, CA
90275;2;Los Angeles, CA
90277;2;Los Angeles, CA
90278;2;Los Angeles, CA
90280;2;Los Angeles, CA
90290;2;Los Angeles, CA
90291;2;Los Angeles, CA
90292;2;Los Angeles, CA
90293;2;Los Angeles, CA
90294;2;Los Angeles, CA
90295;2;Los Angeles, CA
90296;2;Los Angeles, CA
90301;2;Los Angeles, CA
90302;2;Los Angeles, CA
90303;2;Los Angeles, CA
90304;2;Los Angeles, CA
90305;2;Los Angeles, CA
90306;2;Los Angeles, CA
90307;2;Los Angeles, CA
90308;2;Los Angeles, CA
90309;2;Los Angeles, CA
90310;2;Los Angeles, CA
90311;2;Los Angeles, CA
90312;2;Los Angeles, CA
90401;2;Los Angeles, CA
90402;2;Los Angeles, CA
90403;2;Los Angeles, CA
90404;2;Los Angeles, CA
90405;2;Los Angeles, CA
90406;2;Los Angeles, CA
90407;2;Los Angeles, CA
90408;2;Los Angeles, CA
90409;2;Los Angeles, CA
90410;2;Los Angeles, CA
90411;2;Los Angeles, CA
90501;2;Los Angeles, CA
90502;2;Los Angeles, CA
90503;2;Los Angeles, CA
90504;2;Los Angeles, CA
90505;2;Los Angeles, CA
90506;2;Los Angeles, CA
90507;2;Los Angeles, CA
90508;2;Los Angeles, CA
90509;2;Los Angeles, CA
90510;2;Los Angeles, CA
90601;2;Los Angeles, CA
90602;2;Los Angeles, CA
90603;2;Los Angeles, CA
90604;2;Los Angeles, CA
90605;2;Los Angeles, CA
90606;2;Los Angeles, CA
90607;2;Los Angeles, CA
90608;2;Los Angeles, CA
90609;2;Los Angeles, CA
90610;2;Los Angeles, CA
90620;2;Los Angeles, CA
90621;2;Los Angeles, CA
90622;2;Los Angeles, CA
90623;2;Los Angeles, CA
90624;2;Los Angeles, CA
90630;2;Los Angeles, CA
90631;2;Los Angeles, CA
90632;2;Los Angeles, CA
90633;2;Los Angeles, CA
90637;2;Los Angeles, CA
90638;2;Los Angeles, CA
90639;2;Los Angeles, CA
90640;2;Los Angeles, CA
90650;2;Los Angeles, CA
90651;2;Los Angeles, CA
90652;2;Los Angeles, CA
90660;2;Los Angeles, CA
90661;2;Los Angeles, CA
90662;2;Los Angeles, CA
90670;2;Los Angeles, CA
90671;2;Los Angeles, CA
90680;2;Los Angeles, CA
90701;2;Los Angeles, CA
90702;2;Los Angeles, CA
90703;2;Los Angeles, CA
90704;2;Los Angeles, CA
90706;2;Los Angeles, CA
90707;2;Los Angeles, CA
90710;2;Los Angeles, CA
90711;2;Los Angeles, CA
90712;2;Los Angeles, CA
90713;2;Los Angeles, CA
90714;2;Los Angeles, CA
90715;2;Los Angeles, CA
90716;2;Los Angeles, CA
90717;2;Los Angeles, CA
90720;2;Los Angeles, CA
90721;2;Los Angeles, CA
90723;2;Los Angeles, CA
90731;2;Los Angeles, CA
90732;2;Los Angeles, CA
90733;2;Los Angeles, CA
90734;2;Los Angeles, CA
90740;2;Los Angeles, CA
90742;2;Los Angeles, CA
90743;2;Los Angeles, CA
90744;2;Los Angeles, CA
90745;2;Los Angeles, CA
90746;2;Los Angeles, CA
90747;2;Los Angeles, CA
90748;2;Los Angeles, CA
90749;2;Los Angeles, CA
90755;2;Los Angeles, CA
90801;2;Los Angeles, CA
90802;2;Los Angeles, CA
90803;2;Los Angeles, CA
90804;2;Los Angeles, CA
90805;2;Los Angeles, CA
90806;2;Los Angeles, CA
90807;2;Los Angeles, CA
90808;2;Los Angeles, CA
90809;2;Los Angeles, CA
90810;2;Los Angeles, CA
90813;2;Los Angeles, CA
90814;2;Los Angeles, CA
90815;2;Los Angeles, CA
90822;2;Los Angeles, CA
90831;2;Los Angeles, CA
90832;2;Los Angeles, CA
90833;2;Los Angeles, CA
90840;2;Los Angeles, CA
90842;2;Los Angeles, CA
90844;2;Los Angeles, CA
90846;2;Los Angeles, CA
90847;2;Los Angeles, CA
90848;2;Los Angeles, CA
90853;2;Los Angeles, CA
90895;2;Los Angeles, CA
91001;2;Los Angeles, CA
91003;2;Los Angeles, CA
91006;2;Los Angeles, CA
91007;2;Los Angeles, CA
91008;2;Los Angeles, CA
91009;2;Los Angeles, CA
91010;2;Los Angeles, CA
91011;2;Los Angeles, CA
91012;2;Los Angeles, CA
91016;2;Los Angeles, CA
91017;2;Los Angeles, CA
91020;2;Los Angeles, CA
91021;2;Los Angeles, CA
91023;2;Los Angeles, CA
91024;2;Los Angeles, CA
91025;2;Los Angeles, CA
91030;2;Los Angeles, CA
91031;2;Los Angeles, CA
91040;2;Los Angeles, CA
91041;2;Los Angeles, CA
91042;2;Los Angeles, CA
91043;2;Los Angeles, CA
91046;2;Los Angeles, CA
91066;2;Los Angeles, CA
91077;2;Los Angeles, CA
91101;2;Los Angeles, CA
91102;2;Los Angeles, CA
91103;2;Los Angeles, CA
91104;2;Los Angeles, CA
91105;2;Los Angeles, CA
91106;2;Los Angeles, CA
91107;2;Los Angeles, CA
91108;2;Los Angeles, CA
91109;2;Los Angeles, CA
91110;2;Los Angeles, CA
91114;2;Los Angeles, CA
91115;2;Los Angeles, CA
91116;2;Los Angeles, CA
91117;2;Los Angeles, CA
91118;2;Los Angeles, CA
91121;2;Los Angeles, CA
91123;2;Los Angeles, CA
91124;2;Los Angeles, CA
91125;2;Los Angeles, CA
91126;2;Los Angeles, CA
91129;2;Los Angeles, CA
91182;2;Los Angeles, CA
91184;2;Los Angeles, CA
91185;2;Los Angeles, CA
91188;2;Los Angeles, CA
91189;2;Los Angeles, CA
91199;2;Los Angeles, CA
91201;2;Los Angeles, CA
91202;2;Los Angeles, CA
91203;2;Los Angeles, CA
91204;2;Los Angeles, CA
91205;2;Los Angeles, CA
91206;2;Los Angeles, CA
91207;2;Los Angeles, CA
91208;2;Los Angeles, CA
91209;2;Los Angeles, CA
91210;2;Los Angeles, CA
91214;2;Los Angeles, CA
91221;2;Los Angeles, CA
91222;2;Los Angeles, CA
91224;2;Los Angeles, CA
91225;2;Los Angeles, CA
91226;2;Los Angeles, CA
91301;2;Los Angeles, CA
91302;2;Los Angeles, CA
91303;2;Los Angeles, CA
91304;2;Los Angeles, CA
91305;2;Los Angeles, CA
91306;2;Los Angeles, CA
91307;2;Los Angeles, CA
91308;2;Los Angeles, CA
91309;2;Los Angeles, CA
91310;2;Los Angeles, CA
91311;2;Los Angeles, CA
91313;2;Los Angeles, CA
91316;2;Los Angeles, CA
91321;2;Los Angeles, CA
91322;2;Los Angeles, CA
91324;2;Los Angeles, CA
91325;2;Los Angeles, CA
91326;2;Los Angeles, CA
91327;2;Los Angeles, CA
91328;2;Los Angeles, CA
91330;2;Los Angeles, CA
91331;2;Los Angeles, CA
91333;2;Los Angeles, CA
91334;2;Los Angeles, CA
91335;2;Los Angeles, CA
91337;2;Los Angeles, CA
91340;2;Los Angeles, CA
91341;2;Los Angeles, CA
91342;2;Los Angeles, CA
91343;2;Los Angeles, CA
91344;2;Los Angeles, CA
91345;2;Los Angeles, CA
91346;2;Los Angeles, CA
91350;2;Los Angeles, CA
91351;2;Los Angeles, CA
91352;2;Los Angeles, CA
91353;2;Los Angeles, CA
91354;2;Los Angeles, CA
91355;2;Los Angeles, CA
91356;2;Los Angeles, CA
91357;2;Los Angeles, CA
91364;2;Los Angeles, CA
91365;2;Los Angeles, CA
91367;2;Los Angeles, CA
91371;2;Los Angeles, CA
91372;2;Los Angeles, CA
91376;2;Los Angeles, CA
91380;2;Los Angeles, CA
91381;2;Los Angeles, CA
91382;2;Los Angeles, CA
91383;2;Los Angeles, CA
91384;2;Los Angeles, CA
91385;2;Los Angeles, CA
91386;2;Los Angeles, CA
91387;2;Los Angeles, CA
91390;2;Los Angeles, CA
91392;2;Los Angeles, CA
91393;2;Los Angeles, CA
91394;2;Los Angeles, CA
91395;2;Los Angeles, CA
91396;2;Los Angeles, CA
91401;2;Los Angeles, CA
91402;2;Los Angeles, CA
91403;2;Los Angeles, CA
91404;2;Los Angeles, CA
91405;2;Los Angeles, CA
91406;2;Los Angeles, CA
91407;2;Los Angeles, CA
91408;2;Los Angeles, CA
91409;2;Los Angeles, CA
91410;2;Los Angeles, CA
91411;2;Los Angeles, CA
91412;2;Los Angeles, CA
91413;2;Los Angeles, CA
91416;2;Los Angeles, CA
91423;2;Los Angeles, CA
91426;2;Los Angeles, CA
91436;2;Los Angeles, CA
91470;2;Los Angeles, CA
91482;2;Los Angeles, CA
91499;2;Los Angeles, CA
91501;2;Los Angeles, CA
91502;2;Los Angeles, CA
91503;2;Los Angeles, CA
91504;2;Los Angeles, CA
91505;2;Los Angeles, CA
91506;2;Los Angeles, CA
91507;2;Los Angeles, CA
91508;2;Los Angeles, CA
91510;2;Los Angeles, CA
91521;2;Los Angeles, CA
91522;2;Los Angeles, CA
91523;2;Los Angeles, CA
91601;2;Los Angeles, CA
91602;2;Los Angeles, CA
91603;2;Los Angeles, CA
91604;2;Los Angeles, CA
91605;2;Los Angeles, CA
91606;2;Los Angeles, CA
91607;2;Los Angeles, CA
91608;2;Los Angeles, CA
91609;2;Los Angeles, CA
91610;2;Los Angeles, CA
91614;2;Los Angeles, CA
91615;2;Los Angeles, CA
91616;2;Los Angeles, CA
91617;2;Los Angeles, CA
91618;2;Los Angeles, CA
91701;1;San Bernardino, CA
91702;2;Los Angeles, CA
91706;2;Los Angeles, CA
91708;2;Los Angeles, CA
91709;2;Los Angeles, CA
91710;2;Los Angeles, CA
91711;2;Los Angeles, CA
91714;2;Los Angeles, CA
91715;2;Los Angeles, CA
91716;2;Los Angeles, CA
91722;2;Los Angeles, CA
91723;2;Los Angeles, CA
91724;2;Los Angeles, CA
91729;1;San Bernardino, CA
91730;1;San Bernardino, CA
91731;2;Los Angeles, CA
91732;2;Los Angeles, CA
91733;2;Los Angeles, CA
91734;2;Los Angeles, CA
91735;2;Los Angeles, CA
91737;1;San Bernardino, CA
91739;1;San Bernardino, CA
91740;2;Los Angeles, CA
91741;2;Los Angeles, CA
91743;1;San Bernardino, CA
91744;2;Los Angeles, CA
91745;2;Los Angeles, CA
91746;2;Los Angeles, CA
91747;2;Los Angeles, CA
91748;2;Los Angeles, CA
91749;2;Los Angeles, CA
91750;2;Los Angeles, CA
91752;1;Riverside, CA
91754;2;Los Angeles, CA
91755;2;Los Angeles, CA
91756;2;Los Angeles, CA
91758;1;San Bernardino, CA
91759;1;San Bernardino, CA
91761;2;Los Angeles, CA
91762;2;Los Angeles, CA
91763;2;Los Angeles, CA
91764;2;Los Angeles, CA
91765;2;Los Angeles, CA
91766;2;Los Angeles, CA
91767;2;Los Angeles, CA
91768;2;Los Angeles, CA
91769;2;Los Angeles, CA
91770;2;Los Angeles, CA
91771;2;Los Angeles, CA
91772;2;Los Angeles, CA
91773;2;Los Angeles, CA
91775;2;Los Angeles, CA
91776;2;Los Angeles, CA
91778;2;Los Angeles, CA
91780;2;Los Angeles, CA
91784;2;Los Angeles, CA
91785;1;San Bernardino, CA
91786;2;Los Angeles, CA
91788;2;Los Angeles, CA
91789;2;Los Angeles, CA
91790;2;Los Angeles, CA
91791;2;Los Angeles, CA
91792;2;Los Angeles, CA
91793;2;Los Angeles, CA
91801;2;Los Angeles, CA
91802;2;Los Angeles, CA
91803;2;Los Angeles, CA
91804;2;Los Angeles, CA
91896;2;Los Angeles, CA
91899;2;Los Angeles, CA
92003;1;Camp Pendleton, CA
92008;1;Camp Pendleton, CA
92025;1;Camp Pendleton, CA
92026;1;Camp Pendleton, CA
92027;1;Camp Pendleton, CA
92028;1;Camp Pendleton, CA
92054;1;Camp Pendleton, CA
92055;1;Camp Pendleton, CA
92056;1;Camp Pendleton, CA
92057;1;Camp Pendleton, CA
92058;1;Camp Pendleton, CA
92059;1;Camp Pendleton, CA
92060;1;Camp Pendleton, CA
92061;1;Camp Pendleton, CA
92069;1;Camp Pendleton, CA
92079;1;Camp Pendleton, CA
92081;1;Camp Pendleton, CA
92082;1;Camp Pendleton, CA
92083;1;Camp Pendleton, CA
92084;1;Camp Pendleton, CA
92201;1;Riverside, CA
92202;1;Riverside, CA
92203;1;Riverside, CA
92210;1;Riverside, CA
92211;1;Riverside, CA
92220;1;Riverside, CA
92222;1;El Centro, CA
92223;1;Riverside, CA
92226;1;Riverside, CA
92227;1;El Centro, CA
92230;1;Riverside, CA
92231;1;El Centro, CA
92232;1;El Centro, CA
92233;1;El Centro, CA
92235;1;Riverside, CA
92236;1;Riverside, CA
92243;1;El Centro, CA
92244;1;El Centro, CA
92247;1;Riverside, CA
92248;1;Riverside, CA
92249;1;El Centro, CA
92250;1;El Centro, CA
92251;1;El Centro, CA
92253;1;Riverside, CA
92254;1;El Centro, CA
92255;1;Riverside, CA
92257;1;El Centro, CA
92258;1;Riverside, CA
92259;1;El Centro, CA
92260;1;Riverside, CA
92261;1;Riverside, CA
92263;1;Riverside, CA
92264;1;Riverside, CA
92266;1;El Centro, CA
92270;1;Riverside, CA
92273;1;El Centro, CA
92274;1;El Centro, CA
92275;1;El Centro, CA
92276;1;Riverside, CA
92281;1;El Centro, CA
92282;1;Riverside, CA
92283;1;El Centro, CA
92285;1;San Bernardino, CA
92286;1;San Bernardino, CA
92301;1;San Bernardino, CA
92305;1;San Bernardino, CA
92308;1;San Bernardino, CA
92313;1;San Bernardino, CA
92314;1;San Bernardino, CA
92315;1;San Bernardino, CA
92316;1;San Bernardino, CA
92317;1;San Bernardino, CA
92318;1;San Bernardino, CA
92320;1;Riverside, CA
92321;1;San Bernardino, CA
92322;1;San Bernardino, CA
92323;1;San Bernardino, CA
92324;1;San Bernardino, CA
92325;1;San Bernardino, CA
92328;1;Inyo County, CA
92329;1;San Bernardino, CA
92331;1;San Bernardino, CA
92333;1;San Bernardino, CA
92334;1;San Bernardino, CA
92335;1;San Bernardino, CA
92336;1;San Bernardino, CA
92337;1;San Bernardino, CA
92339;1;San Bernardino, CA
92340;1;San Bernardino, CA
92341;1;San Bernardino, CA
92344;1;San Bernardino, CA
92345;1;San Bernardino, CA
92346;1;San Bernardino, CA
92350;1;San Bernardino, CA
92352;1;San Bernardino, CA
92354;1;San Bernardino, CA
92356;1;San Bernardino, CA
92357;1;San Bernardino, CA
92358;1;San Bernardino, CA
92359;1;San Bernardino, CA
92369;1;San Bernardino, CA
92371;1;San Bernardino, CA
92372;1;San Bernardino, CA
92373;1;San Bernardino, CA
92374;1;San Bernardino, CA
92375;1;San Bernardino, CA
92376;1;San Bernardino, CA
92377;1;San Bernardino, CA
92378;1;San Bernardino, CA
92382;1;San Bernardino, CA
92384;1;Inyo County, CA
92385;1;San Bernardino, CA
92386;1;San Bernardino, CA
92389;1;Inyo County, CA
92391;1;San Bernardino, CA
92392;1;San Bernardino, CA
92393;1;San Bernardino, CA
92397;1;San Bernardino, CA
92399;1;San Bernardino, CA
92401;1;San Bernardino, CA
92402;1;San Bernardino, CA
92403;1;San Bernardino, CA
92404;1;San Bernardino, CA
92405;1;San Bernardino, CA
92406;1;San Bernardino, CA
92407;1;San Bernardino, CA
92408;1;San Bernardino, CA
92410;1;San Bernardino, CA
92411;1;San Bernardino, CA
92413;1;San Bernardino, CA
92415;1;San Bernardino, CA
92418;1;San Bernardino, CA
92423;1;San Bernardino, CA
92427;1;San Bernardino, CA
92501;1;Riverside, CA
92502;1;Riverside, CA
92503;1;Riverside, CA
92504;1;Riverside, CA
92505;1;Riverside, CA
92506;1;Riverside, CA
92507;1;Riverside, CA
92508;1;Riverside, CA
92509;1;Riverside, CA
92513;1;Riverside, CA
92514;1;Riverside, CA
92516;1;Riverside, CA
92517;1;Riverside, CA
92518;1;Riverside, CA
92519;1;Riverside, CA
92521;1;Riverside, CA
92522;1;Riverside, CA
92530;1;Riverside, CA
92531;1;Riverside, CA
92532;1;Riverside, CA
92536;1;Riverside, CA
92539;1;Riverside, CA
92543;1;Riverside, CA
92544;1;Riverside, CA
92545;1;Riverside, CA
92546;1;Riverside, CA
92548;1;Riverside, CA
92549;1;Riverside, CA
92551;1;Riverside, CA
92552;1;Riverside, CA
92553;1;Riverside, CA
92554;1;Riverside, CA
92555;1;Riverside, CA
92556;1;Riverside, CA
92557;1;Riverside, CA
92561;1;Riverside, CA
92562;1;Riverside, CA
92563;1;Riverside, CA
92564;1;Riverside, CA
92567;1;Riverside, CA
92570;1;Riverside, CA
92571;1;Riverside, CA
92572;1;Riverside, CA
92581;1;Riverside, CA
92582;1;Riverside, CA
92583;1;Riverside, CA
92584;1;Riverside, CA
92585;1;Riverside, CA
92586;1;Riverside, CA
92587;1;Riverside, CA
92589;1;Riverside, CA
92590;1;Riverside, CA
92591;1;Riverside, CA
92592;1;Riverside, CA
92593;1;Riverside, CA
92595;1;Riverside, CA
92596;1;Riverside, CA
92599;1;Riverside, CA
92602;2;Los Angeles, CA
92603;2;Los Angeles, CA
92604;2;Los Angeles, CA
92605;2;Los Angeles, CA
92606;2;Los Angeles, CA
92607;2;Los Angeles, CA
92609;2;Los Angeles, CA
92610;2;Los Angeles, CA
92612;2;Los Angeles, CA
92614;2;Los Angeles, CA
92615;2;Los Angeles, CA
92616;2;Los Angeles, CA
92617;2;Los Angeles, CA
92618;2;Los Angeles, CA
92619;2;Los Angeles, CA
92620;2;Los Angeles, CA
92623;2;Los Angeles, CA
92624;2;Los Angeles, CA
92625;2;Los Angeles, CA
92626;2;Los Angeles, CA
92627;2;Los Angeles, CA
92628;2;Los Angeles, CA
92629;2;Los Angeles, CA
92630;2;Los Angeles, CA
92637;2;Los Angeles, CA
92646;2;Los Angeles, CA
92647;2;Los Angeles, CA
92648;2;Los Angeles, CA
92649;2;Los Angeles, CA
92650;2;Los Angeles, CA
92651;2;Los Angeles, CA
92652;2;Los Angeles, CA
92653;2;Los Angeles, CA
92654;2;Los Angeles, CA
92655;2;Los Angeles, CA
92656;2;Los Angeles, CA
92657;2;Los Angeles, CA
92658;2;Los Angeles, CA
92659;2;Los Angeles, CA
92660;2;Los Angeles, CA
92661;2;Los Angeles, CA
92662;2;Los Angeles, CA
92663;2;Los Angeles, CA
92672;1;Camp Pendleton, CA
92673;2;Los Angeles, CA
92674;2;Los Angeles, CA
92675;2;Los Angeles, CA
92676;2;Los Angeles, CA
92677;2;Los Angeles, CA
92678;2;Los Angeles, CA
92679;2;Los Angeles, CA
92683;2;Los Angeles, CA
92684;2;Los Angeles, CA
92685;2;Los Angeles, CA
92688;2;Los Angeles, CA
92690;2;Los Angeles, CA
92691;2;Los Angeles, CA
92692;2;Los Angeles, CA
92693;2;Los Angeles, CA
92694;2;Los Angeles, CA
92697;2;Los Angeles, CA
92698;2;Los Angeles, CA
92701;2;Los Angeles, CA
92702;2;Los Angeles, CA
92703;2;Los Angeles, CA
92704;2;Los Angeles, CA
92705;2;Los Angeles, CA
92706;2;Los Angeles, CA
92707;2;Los Angeles, CA
92708;2;Los Angeles, CA
92711;2;Los Angeles, CA
92728;2;Los Angeles, CA
92735;2;Los Angeles, CA
92780;2;Los Angeles, CA
92781;2;Los Angeles, CA
92782;2;Los Angeles, CA
92799;2;Los Angeles, CA
92801;2;Los Angeles, CA
92802;2;Los Angeles, CA
92803;2;Los Angeles, CA
92804;2;Los Angeles, CA
92805;2;Los Angeles, CA
92806;2;Los Angeles, CA
92807;2;Los Angeles, CA
92808;2;Los Angeles, CA
92809;2;Los Angeles, CA
92811;2;Los Angeles, CA
92812;2;Los Angeles, CA
92814;2;Los Angeles, CA
92815;2;Los Angeles, CA
92816;2;Los Angeles, CA
92817;2;Los Angeles, CA
92821;2;Los Angeles, CA
92822;2;Los Angeles, CA
92823;2;Los Angeles, CA
92825;2;Los Angeles, CA
92831;2;Los Angeles, CA
92832;2;Los Angeles, CA
92833;2;Los Angeles, CA
92834;2;Los Angeles, CA
92835;2;Los Angeles, CA
92836;2;Los Angeles, CA
92837;2;Los Angeles, CA
92838;2;Los Angeles, CA
92840;2;Los Angeles, CA
92841;2;Los Angeles, CA
92842;2;Los Angeles, CA
92843;2;Los Angeles, CA
92844;2;Los Angeles, CA
92845;2;Los Angeles, CA
92846;2;Los Angeles, CA
92850;2;Los Angeles, CA
92856;2;Los Angeles, CA
92857;2;Los Angeles, CA
92859;2;Los Angeles, CA
92860;1;Riverside, CA
92861;2;Los Angeles, CA
92862;2;Los Angeles, CA
92863;2;Los Angeles, CA
92864;2;Los Angeles, CA
92865;2;Los Angeles, CA
92866;2;Los Angeles, CA
92867;2;Los Angeles, CA
92868;2;Los Angeles, CA
92869;2;Los Angeles, CA
92870;2;Los Angeles, CA
92871;2;Los Angeles, CA
92877;1;Riverside, CA
92878;1;Riverside, CA
92879;1;Riverside, CA
92880;1;Riverside, CA
92881;1;Riverside, CA
92882;1;Riverside, CA
92883;1;Riverside, CA
92885;2;Los Angeles, CA
92886;2;Los Angeles, CA
92887;2;Los Angeles, CA
92899;2;Los Angeles, CA
93203;1;Kern County, CA
93205;1;Kern County, CA
93206;1;Kern County, CA
93215;1;Kern County, CA
93216;1;Kern County, CA
93220;1;Kern County, CA
93222;1;Kern County, CA
93224;1;Kern County, CA
93225;1;Kern County, CA
93226;1;Kern County, CA
93238;1;Kern County, CA
93240;1;Kern County, CA
93241;1;Kern County, CA
93249;1;Kern County, CA
93250;1;Kern County, CA
93251;1;Kern County, CA
93252;1;Kern County, CA
93255;1;Kern County, CA
93263;1;Kern County, CA
93268;1;Kern County, CA
93276;1;Kern County, CA
93280;1;Kern County, CA
93283;1;Kern County, CA
93285;1;Kern County, CA
93287;1;Kern County, CA
93301;1;Kern County, CA
93302;1;Kern County, CA
93303;1;Kern County, CA
93304;1;Kern County, CA
93305;1;Kern County, CA
93306;1;Kern County, CA
93307;1;Kern County, CA
93308;1;Kern County, CA
93309;1;Kern County, CA
93311;1;Kern County, CA
93312;1;Kern County, CA
93313;1;Kern County, CA
93314;1;Kern County, CA
93380;1;Kern County, CA
93383;1;Kern County, CA
93384;1;Kern County, CA
93385;1;Kern County, CA
93386;1;Kern County, CA
93387;1;Kern County, CA
93388;1;Kern County, CA
93389;1;Kern County, CA
93390;1;Kern County, CA
93401;4;San Luis Obispo, CA
93402;4;San Luis Obispo, CA
93403;4;San Luis Obispo, CA
93405;4;San Luis Obispo, CA
93406;4;San Luis Obispo, CA
93407;4;San Luis Obispo, CA
93408;4;San Luis Obispo, CA
93409;4;San Luis Obispo, CA
93410;4;San Luis Obispo, CA
93412;4;San Luis Obispo, CA
93420;4;San Luis Obispo, CA
93421;4;San Luis Obispo, CA
93422;4;San Luis Obispo, CA
93423;4;San Luis Obispo, CA
93424;4;San Luis Obispo, CA
93426;4;San Luis Obispo, CA
93428;4;San Luis Obispo, CA
93430;4;San Luis Obispo, CA
93432;4;San Luis Obispo, CA
93433;4;San Luis Obispo, CA
93435;4;San Luis Obispo, CA
93442;4;San Luis Obispo, CA
93443;4;San Luis Obispo, CA
93444;4;San Luis Obispo, CA
93445;4;San Luis Obispo, CA
93446;4;San Luis Obispo, CA
93447;4;San Luis Obispo, CA
93448;4;San Luis Obispo, CA
93449;4;San Luis Obispo, CA
93450;4;San Luis Obispo, CA
93451;4;San Luis Obispo, CA
93452;4;San Luis Obispo, CA
93453;4;San Luis Obispo, CA
93461;4;San Luis Obispo, CA
93465;4;San Luis Obispo, CA
93475;4;San Luis Obispo, CA
93483;4;San Luis Obispo, CA
93502;1;Kern County, CA
93504;1;Kern County, CA
93512;4;Bridgeport, CA
93513;1;Inyo County, CA
93514;4;Bridgeport, CA
93515;1;Inyo County, CA
93517;4;Bridgeport, CA
93518;1;Kern County, CA
93522;1;Inyo County, CA
93526;1;Inyo County, CA
93529;4;Bridgeport, CA
93530;1;Inyo County, CA
93531;1;Kern County, CA
93541;4;Bridgeport, CA
93542;1;Inyo County, CA
93545;1;Inyo County, CA
93546;4;Bridgeport, CA
93549;1;Inyo County, CA
93556;1;Kern County, CA
93558;1;San Bernardino County, CA
93561;1;Kern County, CA
93581;1;Kern County, CA
93592;1;San Bernardino, CA
93596;1;Kern County, CA
93620;1;Merced County, CA
93623;1;Mariposa County, CA
93635;1;Merced County, CA
93661;1;Merced County, CA
93665;1;Merced County, CA
93920;4;San Luis Obispo, CA
93927;4;San Luis Obispo, CA
93928;4;San Luis Obispo, CA
93930;4;San Luis Obispo, CA
93932;4;San Luis Obispo, CA
93954;4;San Luis Obispo, CA
94002;4;Santa Clara County, CA
94005;5;San Francisco, CA
94010;5;San Francisco, CA
94011;5;San Francisco, CA
94014;5;San Francisco, CA
94015;5;San Francisco, CA
94016;5;San Francisco, CA
94017;5;San Francisco, CA
94018;5;San Francisco, CA
94019;5;San Francisco, CA
94020;4;Santa Clara County, CA
94021;4;Santa Clara County, CA
94022;4;Santa Clara County, CA
94023;4;Santa Clara County, CA
94024;4;Santa Clara County, CA
94025;4;Santa Clara County, CA
94026;5;San Francisco, CA
94027;4;Santa Clara County, CA
94028;4;Santa Clara County, CA
94030;5;San Francisco, CA
94035;4;Santa Clara County, CA
94037;5;San Francisco, CA
94038;5;San Francisco, CA
94039;4;Santa Clara County, CA
94040;4;Santa Clara County, CA
94041;4;Santa Clara County, CA
94042;4;Santa Clara County, CA
94043;4;Santa Clara County, CA
94044;5;San Francisco, CA
94060;4;Santa Clara County, CA
94061;4;Santa Clara County, CA
94062;4;Santa Clara County, CA
94063;4;Santa Clara County, CA
94064;4;Santa Clara County, CA
94065;4;Santa Clara County, CA
94066;5;San Francisco, CA
94070;4;Santa Clara County, CA
94074;4;Santa Clara County, CA
94080;5;San Francisco, CA
94083;5;San Francisco, CA
94085;4;Santa Clara County, CA
94086;4;Santa Clara County, CA
94087;4;Santa Clara County, CA
94088;4;Santa Clara County, CA
94089;4;Santa Clara County, CA
94102;5;San Francisco, CA
94103;5;San Francisco, CA
94104;5;San Francisco, CA
94105;5;San Francisco, CA
94107;5;San Francisco, CA
94108;5;San Francisco, CA
94109;5;San Francisco, CA
94110;5;San Francisco, CA
94111;5;San Francisco, CA
94112;5;San Francisco, CA
94114;5;San Francisco, CA
94115;5;San Francisco, CA
94116;5;San Francisco, CA
94117;5;San Francisco, CA
94118;5;San Francisco, CA
94119;5;San Francisco, CA
94120;5;San Francisco, CA
94121;5;San Francisco, CA
94122;5;San Francisco, CA
94123;5;San Francisco, CA
94124;5;San Francisco, CA
94125;5;San Francisco, CA
94126;5;San Francisco, CA
94127;5;San Francisco, CA
94128;5;San Francisco, CA
94129;5;San Francisco, CA
94130;5;San Francisco, CA
94131;5;San Francisco, CA
94132;5;San Francisco, CA
94133;5;San Francisco, CA
94134;5;San Francisco, CA
94137;5;San Francisco, CA
94139;5;San Francisco, CA
94140;5;San Francisco, CA
94141;5;San Francisco, CA
94142;5;San Francisco, CA
94143;5;San Francisco, CA
94144;5;San Francisco, CA
94145;5;San Francisco, CA
94146;5;San Francisco, CA
94147;5;San Francisco, CA
94151;5;San Francisco, CA
94158;5;San Francisco, CA
94159;5;San Francisco, CA
94160;5;San Francisco, CA
94161;5;San Francisco, CA
94163;5;San Francisco, CA
94164;5;San Francisco, CA
94172;5;San Francisco, CA
94177;5;San Francisco, CA
94188;5;San Francisco, CA
94203;1;Sacramento, CA
94204;1;Sacramento, CA
94205;1;Sacramento, CA
94206;1;Sacramento, CA
94209;1;Sacramento, CA
94229;1;Sacramento, CA
94230;1;Sacramento, CA
94232;1;Sacramento, CA
94235;1;Sacramento, CA
94236;1;Sacramento, CA
94237;1;Sacramento, CA
94239;1;Sacramento, CA
94240;1;Sacramento, CA
94244;1;Sacramento, CA
94247;1;Sacramento, CA
94248;1;Sacramento, CA
94249;1;Sacramento, CA
94250;1;Sacramento, CA
94252;1;Sacramento, CA
94254;1;Sacramento, CA
94256;1;Sacramento, CA
94257;1;Sacramento, CA
94258;1;Sacramento, CA
94259;1;Sacramento, CA
94261;1;Sacramento, CA
94262;1;Sacramento, CA
94263;1;Sacramento, CA
94267;1;Sacramento, CA
94268;1;Sacramento, CA
94269;1;Sacramento, CA
94271;1;Sacramento, CA
94273;1;Sacramento, CA
94274;1;Sacramento, CA
94277;1;Sacramento, CA
94278;1;Sacramento, CA
94279;1;Sacramento, CA
94280;1;Sacramento, CA
94283;1;Sacramento, CA
94284;1;Sacramento, CA
94285;1;Sacramento, CA
94287;1;Sacramento, CA
94288;1;Sacramento, CA
94289;1;Sacramento, CA
94290;1;Sacramento, CA
94293;1;Sacramento, CA
94294;1;Sacramento, CA
94295;1;Sacramento, CA
94296;1;Sacramento, CA
94297;1;Sacramento, CA
94298;1;Sacramento, CA
94299;1;Sacramento, CA
94301;4;Santa Clara County, CA
94302;4;Santa Clara County, CA
94303;4;Santa Clara County, CA
94304;4;Santa Clara County, CA
94305;4;Santa Clara County, CA
94306;4;Santa Clara County, CA
94309;4;Santa Clara County, CA
94401;5;San Francisco, CA
94402;5;San Francisco, CA
94403;5;San Francisco, CA
94404;5;San Francisco, CA
94497;5;San Francisco, CA
94501;3;Oakland, CA
94502;3;Oakland, CA
94505;3;Oakland, CA
94506;3;Oakland, CA
94507;3;Oakland, CA
94509;3;Oakland, CA
94511;3;Oakland, CA
94513;3;Oakland, CA
94514;3;Oakland, CA
94516;3;Oakland, CA
94517;3;Oakland, CA
94518;3;Oakland, CA
94519;3;Oakland, CA
94520;3;Oakland, CA
94521;3;Oakland, CA
94522;3;Oakland, CA
94523;3;Oakland, CA
94524;3;Oakland, CA
94525;3;Oakland, CA
94526;3;Oakland, CA
94527;3;Oakland, CA
94528;3;Oakland, CA
94529;3;Oakland, CA
94530;3;Oakland, CA
94531;3;Oakland, CA
94536;3;Oakland, CA
94537;3;Oakland, CA
94538;3;Oakland, CA
94539;3;Oakland, CA
94540;3;Oakland, CA
94541;3;Oakland, CA
94542;3;Oakland, CA
94543;3;Oakland, CA
94544;3;Oakland, CA
94545;3;Oakland, CA
94546;3;Oakland, CA
94547;3;Oakland, CA
94548;3;Oakland, CA
94549;3;Oakland, CA
94550;3;Oakland, CA
94551;3;Oakland, CA
94552;3;Oakland, CA
94553;3;Oakland, CA
94555;3;Oakland, CA
94556;3;Oakland, CA
94557;3;Oakland, CA
94560;3;Oakland, CA
94561;3;Oakland, CA
94563;3;Oakland, CA
94564;3;Oakland, CA
94565;3;Oakland, CA
94566;3;Oakland, CA
94568;3;Oakland, CA
94569;3;Oakland, CA
94570;3;Oakland, CA
94572;3;Oakland, CA
94575;3;Oakland, CA
94577;3;Oakland, CA
94578;3;Oakland, CA
94579;3;Oakland, CA
94580;3;Oakland, CA
94582;3;Oakland, CA
94583;3;Oakland, CA
94586;3;Oakland, CA
94587;3;Oakland, CA
94588;3;Oakland, CA
94595;3;Oakland, CA
94596;3;Oakland, CA
94597;3;Oakland, CA
94598;3;Oakland, CA
94601;3;Oakland, CA
94602;3;Oakland, CA
94603;3;Oakland, CA
94604;3;Oakland, CA
94605;3;Oakland, CA
94606;3;Oakland, CA
94607;3;Oakland, CA
94608;3;Oakland, CA
94609;3;Oakland, CA
94610;3;Oakland, CA
94611;3;Oakland, CA
94612;3;Oakland, CA
94613;3;Oakland, CA
94614;3;Oakland, CA
94615;3;Oakland, CA
94617;3;Oakland, CA
94618;3;Oakland, CA
94619;3;Oakland, CA
94620;3;Oakland, CA
94621;3;Oakland, CA
94622;3;Oakland, CA
94623;3;Oakland, CA
94624;3;Oakland, CA
94649;3;Oakland, CA
94659;3;Oakland, CA
94660;3;Oakland, CA
94661;3;Oakland, CA
94662;3;Oakland, CA
94666;3;Oakland, CA
94701;3;Oakland, CA
94702;3;Oakland, CA
94703;3;Oakland, CA
94704;3;Oakland, CA
94705;3;Oakland, CA
94706;3;Oakland, CA
94707;3;Oakland, CA
94708;3;Oakland, CA
94709;3;Oakland, CA
94710;3;Oakland, CA
94712;3;Oakland, CA
94720;3;Oakland, CA
94801;3;Oakland, CA
94802;3;Oakland, CA
94803;3;Oakland, CA
94804;3;Oakland, CA
94805;3;Oakland, CA
94806;3;Oakland, CA
94807;3;Oakland, CA
94808;3;Oakland, CA
94820;3;Oakland, CA
94850;3;Oakland, CA
94901;3;Marin/Sonoma, CA
94903;3;Marin/Sonoma, CA
94904;3;Marin/Sonoma, CA
94912;3;Marin/Sonoma, CA
94913;3;Marin/Sonoma, CA
94914;3;Marin/Sonoma, CA
94915;3;Marin/Sonoma, CA
94920;3;Marin/Sonoma, CA
94922;3;Marin/Sonoma, CA
94923;3;Marin/Sonoma, CA
94924;3;Marin/Sonoma, CA
94925;3;Marin/Sonoma, CA
94926;3;Marin/Sonoma, CA
94927;3;Marin/Sonoma, CA
94928;3;Marin/Sonoma, CA
94929;3;Marin/Sonoma, CA
94930;3;Marin/Sonoma, CA
94931;3;Marin/Sonoma, CA
94933;3;Marin/Sonoma, CA
94937;3;Marin/Sonoma, CA
94938;3;Marin/Sonoma, CA
94939;3;Marin/Sonoma, CA
94940;3;Marin/Sonoma, CA
94941;3;Marin/Sonoma, CA
94942;3;Marin/Sonoma, CA
94945;3;Marin/Sonoma, CA
94946;3;Marin/Sonoma, CA
94947;3;Marin/Sonoma, CA
94948;3;Marin/Sonoma, CA
94949;3;Marin/Sonoma, CA
94950;3;Marin/Sonoma, CA
94951;3;Marin/Sonoma, CA
94952;3;Marin/Sonoma, CA
94953;3;Marin/Sonoma, CA
94954;3;Marin/Sonoma, CA
94955;3;Marin/Sonoma, CA
94956;3;Marin/Sonoma, CA
94957;3;Marin/Sonoma, CA
94960;3;Marin/Sonoma, CA
94963;3;Marin/Sonoma, CA
94964;3;Marin/Sonoma, CA
94965;3;Marin/Sonoma, CA
94966;3;Marin/Sonoma, CA
94970;3;Marin/Sonoma, CA
94971;3;Marin/Sonoma, CA
94972;3;Marin/Sonoma, CA
94973;3;Marin/Sonoma, CA
94974;3;Marin/Sonoma, CA
94975;3;Marin/Sonoma, CA
94976;3;Marin/Sonoma, CA
94977;3;Marin/Sonoma, CA
94978;3;Marin/Sonoma, CA
94979;3;Marin/Sonoma, CA
94998;3;Marin/Sonoma, CA
94999;3;Marin/Sonoma, CA
95002;4;Santa Clara County, CA
95008;4;Santa Clara County, CA
95009;4;Santa Clara County, CA
95011;4;Santa Clara County, CA
95013;4;Santa Clara County, CA
95014;4;Santa Clara County, CA
95015;4;Santa Clara County, CA
95020;4;Santa Clara County, CA
95021;4;Santa Clara County, CA
95026;4;Santa Clara County, CA
95030;4;Santa Clara County, CA
95031;4;Santa Clara County, CA
95032;4;Santa Clara County, CA
95033;4;Santa Clara County, CA
95035;4;Santa Clara County, CA
95036;4;Santa Clara County, CA
95037;4;Santa Clara County, CA
95038;4;Santa Clara County, CA
95042;4;Santa Clara County, CA
95044;4;Santa Clara County, CA
95046;4;Santa Clara County, CA
95050;4;Santa Clara County, CA
95051;4;Santa Clara County, CA
95052;4;Santa Clara County, CA
95053;4;Santa Clara County, CA
95054;4;Santa Clara County, CA
95055;4;Santa Clara County, CA
95056;4;Santa Clara County, CA
95070;4;Santa Clara County, CA
95071;4;Santa Clara County, CA
95101;4;Santa Clara County, CA
95103;4;Santa Clara County, CA
95106;4;Santa Clara County, CA
95108;4;Santa Clara County, CA
95109;4;Santa Clara County, CA
95110;4;Santa Clara County, CA
95111;4;Santa Clara County, CA
95112;4;Santa Clara County, CA
95113;4;Santa Clara County, CA
95115;4;Santa Clara County, CA
95116;4;Santa Clara County, CA
95117;4;Santa Clara County, CA
95118;4;Santa Clara County, CA
95119;4;Santa Clara County, CA
95120;4;Santa Clara County, CA
95121;4;Santa Clara County, CA
95122;4;Santa Clara County, CA
95123;4;Santa Clara County, CA
95124;4;Santa Clara County, CA
95125;4;Santa Clara County, CA
95126;4;Santa Clara County, CA
95127;4;Santa Clara County, CA
95128;4;Santa Clara County, CA
95129;4;Santa Clara County, CA
95130;4;Santa Clara County, CA
95131;4;Santa Clara County, CA
95132;4;Santa Clara County, CA
95133;4;Santa Clara County, CA
95134;4;Santa Clara County, CA
95135;4;Santa Clara County, CA
95136;4;Santa Clara County, CA
95138;4;Santa Clara County, CA
95139;4;Santa Clara County, CA
95140;4;Santa Clara County, CA
95141;4;Santa Clara County, CA
95148;4;Santa Clara County, CA
95150;4;Santa Clara County, CA
95151;4;Santa Clara County, CA
95152;4;Santa Clara County, CA
95153;4;Santa Clara County, CA
95154;4;Santa Clara County, CA
95155;4;Santa Clara County, CA
95156;4;Santa Clara County, CA
95157;4;Santa Clara County, CA
95158;4;Santa Clara County, CA
95159;4;Santa Clara County, CA
95160;4;Santa Clara County, CA
95161;4;Santa Clara County, CA
95164;4;Santa Clara County, CA
95170;4;Santa Clara County, CA
95172;4;Santa Clara County, CA
95173;4;Santa Clara County, CA
95190;4;Santa Clara County, CA
95191;4;Santa Clara County, CA
95192;4;Santa Clara County, CA
95193;4;Santa Clara County, CA
95194;4;Santa Clara County, CA
95196;4;Santa Clara County, CA
95201;1;Stockton, CA
95202;1;Stockton, CA
95203;1;Stockton, CA
95204;1;Stockton, CA
95205;1;Stockton, CA
95206;1;Stockton, CA
95207;1;Stockton, CA
95208;1;Stockton, CA
95209;1;Stockton, CA
95210;1;Stockton, CA
95211;1;Stockton, CA
95212;1;Stockton, CA
95213;1;Stockton, CA
95214;1;Stockton, CA
95215;1;Stockton, CA
95219;1;Stockton, CA
95220;1;Stockton, CA
95221;1;Calaveras County, CA
95222;1;Calaveras County, CA
95223;1;Calaveras County, CA
95224;1;Calaveras County, CA
95225;1;Calaveras County, CA
95226;1;Calaveras County, CA
95227;1;Stockton, CA
95228;1;Calaveras County, CA
95229;1;Calaveras County, CA
95230;1;Stockton, CA
95231;1;Stockton, CA
95232;1;Calaveras County, CA
95233;1;Calaveras County, CA
95234;1;Stockton, CA
95236;1;Stockton, CA
95237;1;Stockton, CA
95240;1;Stockton, CA
95241;1;Stockton, CA
95242;1;Stockton, CA
95245;1;Calaveras County, CA
95246;1;Calaveras County, CA
95247;1;Calaveras County, CA
95248;1;Calaveras County, CA
95249;1;Calaveras County, CA
95251;1;Calaveras County, CA
95252;1;Calaveras County, CA
95253;1;Stockton, CA
95254;1;Calaveras County, CA
95255;1;Calaveras County, CA
95257;1;Calaveras County, CA
95258;1;Stockton, CA
95267;1;Stockton, CA
95269;1;Stockton, CA
95296;1;Stockton, CA
95297;1;Stockton, CA
95301;1;Merced County, CA
95303;1;Merced County, CA
95304;1;Stockton, CA
95305;1;Tuolumne County, CA
95306;1;Mariposa County, CA
95307;1;Stockton, CA
95309;1;Tuolumne County, CA
95310;1;Tuolumne County, CA
95311;1;Mariposa County, CA
95312;1;Merced County, CA
95313;1;Stockton, CA
95315;1;Merced County, CA
95316;1;Stockton, CA
95317;1;Merced County, CA
95318;1;Mariposa County, CA
95319;1;Stockton, CA
95320;1;Stockton, CA
95321;1;Tuolumne County, CA
95322;1;Merced County, CA
95323;1;Stockton, CA
95324;1;Merced County, CA
95325;1;Mariposa County, CA
95326;1;Stockton, CA
95327;1;Tuolumne County, CA
95328;1;Stockton, CA
95329;1;Stockton, CA
95330;1;Stockton, CA
95333;1;Merced County, CA
95334;1;Merced County, CA
95335;1;Tuolumne County, CA
95336;1;Stockton, CA
95337;1;Stockton, CA
95338;1;Mariposa County, CA
95340;1;Merced County, CA
95341;1;Merced County, CA
95343;1;Merced County, CA
95344;1;Merced County, CA
95345;1;Mariposa County, CA
95346;1;Tuolumne County, CA
95347;1;Tuolumne County, CA
95348;1;Merced County, CA
95350;1;Stockton, CA
95351;1;Stockton, CA
95352;1;Stockton, CA
95353;1;Stockton, CA
95354;1;Stockton, CA
95355;1;Stockton, CA
95356;1;Stockton, CA
95357;1;Stockton, CA
95358;1;Stockton, CA
95360;1;Stockton, CA
95361;1;Stockton, CA
95363;1;Stockton, CA
95364;1;Tuolumne County, CA
95365;1;Merced County, CA
95366;1;Stockton, CA
95367;1;Stockton, CA
95368;1;Stockton, CA
95369;1;Merced County, CA
95370;1;Tuolumne County, CA
95372;1;Tuolumne County, CA
95373;1;Tuolumne County, CA
95374;1;Merced County, CA
95375;1;Tuolumne County, CA
95376;1;Stockton, CA
95377;1;Stockton, CA
95378;1;Stockton, CA
95379;1;Tuolumne County, CA
95380;1;Stockton, CA
95381;1;Stockton, CA
95382;1;Stockton, CA
95383;1;Tuolumne County, CA
95385;1;Stockton, CA
95386;1;Stockton, CA
95387;1;Stockton, CA
95388;1;Merced County, CA
95389;1;Mariposa County, CA
95391;1;Stockton, CA
95397;1;Stockton, CA
95401;3;Marin/Sonoma, CA
95402;3;Marin/Sonoma, CA
95403;3;Marin/Sonoma, CA
95404;3;Marin/Sonoma, CA
95405;3;Marin/Sonoma, CA
95406;3;Marin/Sonoma, CA
95407;3;Marin/Sonoma, CA
95409;3;Marin/Sonoma, CA
95410;1;Mendocino County, CA
95412;3;Marin/Sonoma, CA
95415;1;Mendocino County, CA
95416;3;Marin/Sonoma, CA
95417;1;Mendocino County, CA
95418;1;Mendocino County, CA
95419;3;Marin/Sonoma, CA
95420;1;Mendocino County, CA
95421;3;Marin/Sonoma, CA
95422;1;Lake County, CA
95423;1;Lake County, CA
95424;1;Lake County, CA
95425;3;Marin/Sonoma, CA
95426;1;Lake County, CA
95427;1;Mendocino County, CA
95428;1;Mendocino County, CA
95429;1;Mendocino County, CA
95430;3;Marin/Sonoma, CA
95431;3;Marin/Sonoma, CA
95432;1;Mendocino County, CA
95433;3;Marin/Sonoma, CA
95435;1;Lake County, CA
95436;3;Marin/Sonoma, CA
95437;1;Mendocino County, CA
95439;3;Marin/Sonoma, CA
95441;3;Marin/Sonoma, CA
95442;3;Marin/Sonoma, CA
95443;1;Lake County, CA
95444;3;Marin/Sonoma, CA
95445;1;Mendocino County, CA
95446;3;Marin/Sonoma, CA
95448;3;Marin/Sonoma, CA
95449;1;Mendocino County, CA
95450;3;Marin/Sonoma, CA
95451;1;Lake County, CA
95452;3;Marin/Sonoma, CA
95453;1;Lake County, CA
95454;1;Mendocino County, CA
95456;1;Mendocino County, CA
95457;1;Lake County, CA
95458;1;Lake County, CA
95459;1;Mendocino County, CA
95460;1;Mendocino County, CA
95462;3;Marin/Sonoma, CA
95463;1;Mendocino County, CA
95464;1;Lake County, CA
95465;3;Marin/Sonoma, CA
95466;1;Mendocino County, CA
95468;1;Mendocino County, CA
95469;1;Mendocino County, CA
95470;1;Mendocino County, CA
95471;3;Marin/Sonoma, CA
95472;3;Marin/Sonoma, CA
95473;3;Marin/Sonoma, CA
95476;3;Marin/Sonoma, CA
95480;3;Marin/Sonoma, CA
95481;1;Mendocino County, CA
95482;1;Mendocino County, CA
95485;1;Lake County, CA
95486;3;Marin/Sonoma, CA
95487;3;Marin/Sonoma, CA
95488;1;Mendocino County, CA
95490;1;Mendocino County, CA
95492;3;Marin/Sonoma, CA
95493;1;Lake County, CA
95494;1;Mendocino County, CA
95497;3;Marin/Sonoma, CA
95501;5;Humboldt County, CA
95502;5;Humboldt County, CA
95503;5;Humboldt County, CA
95511;5;Humboldt County, CA
95514;5;Humboldt County, CA
95518;5;Humboldt County, CA
95519;5;Humboldt County, CA
95521;5;Humboldt County, CA
95524;5;Humboldt County, CA
95525;5;Humboldt County, CA
95526;5;Humboldt County, CA
95527;1;Trinity County, CA
95528;5;Humboldt County, CA
95531;1;Del Norte County, CA
95532;1;Del Norte County, CA
95534;5;Humboldt County, CA
95536;5;Humboldt County, CA
95537;5;Humboldt County, CA
95538;1;Del Norte County, CA
95540;5;Humboldt County, CA
95542;5;Humboldt County, CA
95543;1;Del Norte County, CA
95545;5;Humboldt County, CA
95546;5;Humboldt County, CA
95547;5;Humboldt County, CA
95548;1;Del Norte County, CA
95549;5;Humboldt County, CA
95550;5;Humboldt County, CA
95551;5;Humboldt County, CA
95552;1;Trinity County, CA
95553;5;Humboldt County, CA
95554;5;Humboldt County, CA
95555;5;Humboldt County, CA
95556;5;Humboldt County, CA
95558;5;Humboldt County, CA
95559;5;Humboldt County, CA
95560;5;Humboldt County, CA
95562;5;Humboldt County, CA
95563;1;Trinity County, CA
95564;5;Humboldt County, CA
95565;5;Humboldt County, CA
95567;1;Del Norte County, CA
95568;1;Siskiyou County, CA
95569;5;Humboldt County, CA
95570;5;Humboldt County, CA
95571;5;Humboldt County, CA
95573;5;Humboldt County, CA
95585;1;Mendocino County, CA
95587;1;Mendocino County, CA
95589;5;Humboldt County, CA
95595;1;Trinity County, CA
95601;1;Amador County, CA
95605;1;Sacramento, CA
95606;1;Sacramento, CA
95607;1;Sacramento, CA
95608;1;Sacramento, CA
95609;1;Sacramento, CA
95610;1;Sacramento, CA
95611;1;Sacramento, CA
95612;1;Sacramento, CA
95613;1;Sacramento, CA
95614;1;Sacramento, CA
95615;1;Sacramento, CA
95616;1;Sacramento, CA
95617;1;Sacramento, CA
95618;1;Sacramento, CA
95619;1;Sacramento, CA
95621;1;Sacramento, CA
95623;1;Sacramento, CA
95624;1;Sacramento, CA
95626;1;Sacramento, CA
95627;1;Sacramento, CA
95628;1;Sacramento, CA
95629;1;Amador County, CA
95630;1;Sacramento, CA
95632;1;Sacramento, CA
95633;1;Sacramento, CA
95635;1;Sacramento, CA
95637;1;Sacramento, CA
95638;1;Sacramento, CA
95639;1;Sacramento, CA
95640;1;Amador County, CA
95641;1;Sacramento, CA
95642;1;Amador County, CA
95644;1;Amador County, CA
95645;1;Sacramento, CA
95646;1;Alpine County, CA
95651;1;Sacramento, CA
95652;1;Sacramento, CA
95653;1;Sacramento, CA
95654;1;Amador County, CA
95655;1;Sacramento, CA
95660;1;Sacramento, CA
95662;1;Sacramento, CA
95664;1;Sacramento, CA
95665;1;Amador County, CA
95666;1;Amador County, CA
95667;1;Sacramento, CA
95669;1;Amador County, CA
95670;1;Sacramento, CA
95671;1;Sacramento, CA
95672;1;Sacramento, CA
95673;1;Sacramento, CA
95675;1;Amador County, CA
95679;1;Sacramento, CA
95680;1;Sacramento, CA
95682;1;Sacramento, CA
95683;1;Sacramento, CA
95685;1;Amador County, CA
95686;1;Stockton, CA
95689;1;Amador County, CA
95690;1;Sacramento, CA
95691;1;Sacramento, CA
95693;1;Sacramento, CA
95694;1;Sacramento, CA
95695;1;Sacramento, CA
95697;1;Sacramento, CA
95698;1;Sacramento, CA
95699;1;Amador County, CA
95709;1;Sacramento, CA
95741;1;Sacramento, CA
95742;1;Sacramento, CA
95757;1;Sacramento, CA
95758;1;Sacramento, CA
95759;1;Sacramento, CA
95762;1;Sacramento, CA
95763;1;Sacramento, CA
95776;1;Sacramento, CA
95798;1;Sacramento, CA
95799;1;Sacramento, CA
95811;1;Sacramento, CA
95812;1;Sacramento, CA
95813;1;Sacramento, CA
95814;1;Sacramento, CA
95815;1;Sacramento, CA
95816;1;Sacramento, CA
95817;1;Sacramento, CA
95818;1;Sacramento, CA
95819;1;Sacramento, CA
95820;1;Sacramento, CA
95821;1;Sacramento, CA
95822;1;Sacramento, CA
95823;1;Sacramento, CA
95824;1;Sacramento, CA
95825;1;Sacramento, CA
95826;1;Sacramento, CA
95827;1;Sacramento, CA
95828;1;Sacramento, CA
95829;1;Sacramento, CA
95830;1;Sacramento, CA
95831;1;Sacramento, CA
95832;1;Sacramento, CA
95833;1;Sacramento, CA
95834;1;Sacramento, CA
95835;1;Sacramento, CA
95836;1;Sacramento, CA
95837;1;Sacramento, CA
95838;1;Sacramento, CA
95840;1;Sacramento, CA
95841;1;Sacramento, CA
95842;1;Sacramento, CA
95843;1;Sacramento, CA
95851;1;Sacramento, CA
95852;1;Sacramento, CA
95853;1;Sacramento, CA
95860;1;Sacramento, CA
95864;1;Sacramento, CA
95865;1;Sacramento, CA
95866;1;Sacramento, CA
95867;1;Sacramento, CA
95894;1;Sacramento, CA
95899;1;Sacramento, CA
95910;1;Sierra County, CA
95912;1;Colusa County, CA
95913;1;Glenn County, CA
95915;1;Plumas County, CA
95920;1;Glenn County, CA
95923;1;Plumas County, CA
95932;1;Colusa County, CA
95934;1;Plumas County, CA
95936;1;Sierra County, CA
95937;1;Sacramento, CA
95939;1;Glenn County, CA
95943;1;Glenn County, CA
95944;1;Sierra County, CA
95947;1;Plumas County, CA
95950;1;Colusa County, CA
95951;1;Glenn County, CA
95955;1;Colusa County, CA
95956;1;Plumas County, CA
95963;1;Glenn County, CA
95970;1;Colusa County, CA
95971;1;Plumas County, CA
95979;1;Colusa County, CA
95980;1;Plumas County, CA
95983;1;Plumas County, CA
95984;1;Plumas County, CA
95987;1;Colusa County, CA
95988;1;Glenn County, CA
96006;1;Modoc County, CA
96009;1;Lassen County, CA
96010;1;Trinity County, CA
96014;1;Siskiyou County, CA
96015;1;Modoc County, CA
96020;1;Plumas County, CA
96021;1;Tehama County, CA
96023;1;Siskiyou County, CA
96024;1;Trinity County, CA
96025;1;Siskiyou County, CA
96027;1;Siskiyou County, CA
96029;1;Tehama County, CA
96031;1;Siskiyou County, CA
96032;1;Siskiyou County, CA
96034;1;Siskiyou County, CA
96035;1;Tehama County, CA
96037;1;Siskiyou County, CA
96038;1;Siskiyou County, CA
96039;1;Siskiyou County, CA
96041;1;Trinity County, CA
96044;1;Siskiyou County, CA
96046;1;Trinity County, CA
96048;1;Trinity County, CA
96050;1;Siskiyou County, CA
96052;1;Trinity County, CA
96054;1;Modoc County, CA
96055;1;Tehama County, CA
96057;1;Siskiyou County, CA
96058;1;Siskiyou County, CA
96059;1;Tehama County, CA
96061;1;Tehama County, CA
96063;1;Tehama County, CA
96064;1;Siskiyou County, CA
96067;1;Siskiyou County, CA
96068;1;Lassen County, CA
96074;1;Tehama County, CA
96075;1;Tehama County, CA
96078;1;Tehama County, CA
96080;1;Tehama County, CA
96085;1;Siskiyou County, CA
96086;1;Siskiyou County, CA
96090;1;Tehama County, CA
96091;1;Trinity County, CA
96092;1;Tehama County, CA
96093;1;Trinity County, CA
96094;1;Siskiyou County, CA
96097;1;Siskiyou County, CA
96101;1;Modoc County, CA
96103;1;Plumas County, CA
96104;1;Modoc County, CA
96105;1;Plumas County, CA
96106;1;Plumas County, CA
96107;4;Bridgeport, CA
96108;1;Modoc County, CA
96109;1;Lassen County, CA
96110;1;Modoc County, CA
96112;1;Modoc County, CA
96113;1;Lassen County, CA
96114;1;Lassen County, CA
96115;1;Modoc County, CA
96116;1;Modoc County, CA
96117;1;Lassen County, CA
96118;1;Sierra County, CA
96119;1;Lassen County, CA
96120;1;Alpine County, CA
96121;1;Lassen County, CA
96122;1;Plumas County, CA
96123;1;Lassen County, CA
96124;1;Sierra County, CA
96125;1;Sierra County, CA
96126;1;Sierra County, CA
96127;1;Lassen County, CA
96128;1;Lassen County, CA
96129;1;Plumas County, CA
96130;1;Lassen County, CA
96132;1;Lassen County, CA
96133;4;Bridgeport, CA
96134;1;Siskiyou County, CA
96135;1;Plumas County, CA
96136;1;Lassen County, CA
96137;1;Lassen County, CA
;;
